,customer_id,churn_probability,prediction
5629,1767-CJKBA,0.00047745947146346875,Not Churned
3074,4184-VODJZ,0.04903309839389462,Not Churned
72,1116-FRYVH,0.035764999713772554,Not Churned
927,5204-HMGYF,0.20943775812524407,Not Churned
2922,1265-XTECC,0.12684098162526392,Not Churned
5218,8584-KMVXD,0.35473133127988166,Not Churned
6874,6579-JPICP,0.15612604334913985,Not Churned
4381,4603-JANFB,0.7525111076945785,Churned
1188,9798-DRYDS,0.1935964447235011,Not Churned
653,0471-LVHGK,0.19811784015552103,Not Churned
5358,9300-RENDD,0.9414392275231829,Churned
3540,0666-UXTJO,0.5076568585135006,Churned
2517,2307-FYNNL,0.2678660882141055,Not Churned
401,6516-NKQBO,0.264948573078598,Not Churned
3615,1047-NNCBF,0.10186664874653088,Not Churned
5767,3774-VBNXY,0.00041666666666666664,Not Churned
4965,7278-CKDNC,0.3876801582609694,Not Churned
914,5032-USPKF,0.23406273828924828,Not Churned
2004,6575-SUVOI,0.15070549927379173,Not Churned
4427,4821-SJHJV,0.2036607699393489,Not Churned
5806,4565-NLZBV,0.0031462789120564006,Not Churned
1258,0616-ATFGB,0.7505883920244705,Churned
1560,3091-FYHKI,0.8527595209522965,Churned
3742,1728-CXQBE,0.1761009125189483,Not Churned
662,0635-WKOLD,0.08106657416289995,Not Churned
5969,7096-ZNBZI,0.0022761607701647676,Not Churned
1226,0292-WEGCH,0.067148822623145,Not Churned
2432,0254-FNMCI,0.26104627639210665,Not Churned
6512,9801-NOSHQ,0.0016615694363763145,Not Churned
7039,9967-ATRFS,0.014691252035723657,Not Churned
2968,2234-XADUH,0.33371203638395264,Not Churned
2759,7971-HLVXI,0.02254914070752299,Not Churned
542,8626-PTQGE,0.0350217967250315,Not Churned
2961,2040-OBMLJ,0.27713827582663336,Not Churned
5267,8808-ELEHO,0.7034088894685553,Churned
4040,3049-NDXFL,0.8936675796738374,Churned
5365,9350-VLHMB,0.018392876793287966,Not Churned
3888,2452-KDRRH,0.21521143558156236,Not Churned
1526,2843-CQMEG,0.09221642042092947,Not Churned
90,1525-LNLOJ,0.0033499465811965812,Not Churned
378,6253-GNHWH,0.05051248860598762,Not Churned
2587,3963-RYFNS,0.012376549308416696,Not Churned
4665,5886-VLQVU,0.33782374586067354,Not Churned
6262,3125-RAHBV,0.004189167871127979,Not Churned
1141,9033-EOXWV,0.2975232123924605,Not Churned
3875,2369-UAPKZ,0.26762973485393227,Not Churned
1388,1684-FLBGS,0.22887276997338404,Not Churned
733,1921-KYSAY,0.17328682885394342,Not Churned
5677,2452-MRMZF,0.05572201707180658,Not Churned
446,7164-BPTUT,0.08202166995985928,Not Churned
4562,5373-SFODM,0.46261683473562604,Not Churned
6909,7302-ZHMHP,0.06964351914951615,Not Churned
52,0769-MURVM,0.006108270935126937,Not Churned
5216,8565-CLBZW,0.3968395802080351,Not Churned
2090,7312-XSBAT,0.16448936500794653,Not Churned
3683,1421-HCERK,0.45317114547502496,Not Churned
3708,1564-NTYXF,0.6529008705826146,Churned
5510,9957-YODKZ,0.7218107031511157,Churned
1706,4223-WOZCM,0.20715938775826415,Not Churned
1175,9619-GSATL,0.20078483530517638,Not Churned
3182,5996-NRVXR,0.33553703654107486,Not Churned
882,4565-EVZMJ,0.25325929959225485,Not Churned
3932,2656-FMOKZ,0.6919497604669637,Churned
4926,7128-GGCNO,0.14965217641438536,Not Churned
370,6122-EFVKN,0.04776182131061765,Not Churned
7017,9391-TTOYH,0.0066292020586550746,Not Churned
2408,9839-ETQOE,0.03881904450900787,Not Churned
2389,9667-TKTVZ,0.45241333605855405,Not Churned
851,4023-RTIQM,0.10795274792648277,Not Churned
5517,0040-HALCW,0.005031135531135531,Not Churned
6811,5260-UMPWX,0.0029880094330222207,Not Churned
6796,4903-UYAVB,0.0513896821179971,Not Churned
6674,2791-SFVEW,0.04638161525227219,Not Churned
4349,4484-GLZOU,0.3948257126168576,Not Churned
1679,4002-BQWPQ,0.10273091482170196,Not Churned
6103,9108-EQPNQ,0.09206099732190534,Not Churned
3806,2038-OEQZH,0.5400871743536646,Churned
3546,0685-MLYYM,0.6007957795456289,Churned
6381,6188-UXBBR,0.013732717326244403,Not Churned
5654,2138-VFAPZ,0.10724508342936533,Not Churned
1967,6240-EURKS,0.16890182071444135,Not Churned
5970,7114-AEOZE,0.014677669445352511,Not Churned
34,0513-RBGPE,0.11564405005288547,Not Churned
5634,1843-TLSGD,0.021678001587094254,Not Churned
4337,4439-JMPMT,0.8322530714068767,Churned
210,3635-JBPSG,0.4541311918971321,Not Churned
4799,6467-CHFZW,0.36307147481468627,Not Churned
2855,0103-CSITQ,0.3806096949742491,Not Churned
3836,2180-DXNEG,0.7324003880075568,Churned
589,9435-JMLSX,0.06082435330781639,Not Churned
923,5170-PTRKA,0.03749152260771548,Not Churned
657,0533-UCAAU,0.02727253754327658,Not Churned
5866,5442-PPTJY,0.02609031456003628,Not Churned
3108,4815-YOSUK,0.26132499986004604,Not Churned
5120,8035-PWSEV,0.688379883241171,Churned
1633,3677-IYRBF,0.6029875757412302,Churned
6426,7328-OWMOM,0.0010818592914487782,Not Churned
3291,8133-ANHHJ,0.171593470485187,Not Churned
3872,2359-KMGLI,0.3835995707743897,Not Churned
4876,6877-TJMBR,0.9298721271489522,Churned
3202,6408-OTUBZ,0.21897376816692873,Not Churned
6799,4986-MXSFP,0.03035353535353535,Not Churned
5644,1987-AUELQ,0.00047745947146346875,Not Churned
1797,4881-JVQOD,0.22918515306403284,Not Churned
6329,4893-GYUJU,0.0017129054520358868,Not Churned
727,1834-ABKHQ,0.09088256704332222,Not Churned
4774,6357-JJPQT,0.7314564354864277,Churned
4776,6360-SVNWV,0.21859221554588942,Not Churned
6695,3148-BLQJT,0.42003809718201857,Not Churned
4515,5188-HGMLP,0.10564940736006781,Not Churned
5409,9544-PYPSJ,0.22199840667760656,Not Churned
5763,3721-WKIIL,0.006936894366347383,Not Churned
572,9194-GFVOI,0.09686788030711992,Not Churned
5880,5666-MBJPT,0.09051037287057005,Not Churned
4640,5712-PTIWW,0.7466271558395812,Churned
115,2160-GPFXD,0.007581031938634007,Not Churned
551,8766-PAFNE,0.06286580059158316,Not Churned
4409,4749-OJKQU,0.7057528534224301,Churned
6080,8774-GSBUN,0.0013670698610738585,Not Churned
6208,1686-STUHN,0.005974697568280264,Not Churned
455,7306-YDSOI,0.015758346842081314,Not Churned
4208,3797-FKOGQ,0.46125075133910565,Not Churned
1817,5027-XWQHA,0.21521417428954365,Not Churned
6794,4895-TMWIR,0.026036600633659184,Not Churned
4541,5293-WXJAK,0.8847610400672052,Churned
98,1814-WFGVS,0.021092967935931618,Not Churned
2246,8474-UMLNT,0.11234405196428893,Not Churned
2494,1725-IQNIY,0.16405495157782365,Not Churned
800,3034-ZBEQN,0.014552712787252979,Not Churned
5282,8873-GLDMH,0.5532643690311264,Churned
4092,3269-ATYWD,0.4548464627592289,Not Churned
3839,2190-BCXEC,0.3557407079238267,Not Churned
6024,7977-HXJKU,0.15188261465943076,Not Churned
2440,0401-WDBXM,0.24990633001603293,Not Churned
91,1568-BEKZM,0.06059176633510944,Not Churned
3747,1751-NCDLI,0.314026974464988,Not Churned
697,1153-GNOLC,0.12285403436200883,Not Churned
2023,6682-QJDGB,0.15257595205008742,Not Churned
5274,8837-VVWLQ,0.4415481908472868,Not Churned
5966,7033-CLAMM,0.012425203255242781,Not Churned
6047,8232-UTFOZ,0.000961782945736434,Not Churned
5018,7526-BEZQB,0.753282691283477,Churned
6501,9531-NSBMR,0.002502186152079953,Not Churned
5658,2181-TIDSV,0.0014722222222222222,Not Churned
5770,3810-PJUHR,0.0011082338713917662,Not Churned
5598,1241-FPMOF,0.1891168210000893,Not Churned
1896,5619-PTMIK,0.12032548914684876,Not Churned
3242,7055-VKGDA,0.39004660254328655,Not Churned
4364,4548-SDBKE,0.7500820509815221,Churned
1387,1666-JZPZT,0.04579511136161596,Not Churned
5222,8617-ENBDS,0.663173668807717,Churned
6943,7926-IJOOU,0.6107487823074109,Churned
2641,5322-TEUJK,0.0543200826950827,Not Churned
6783,4785-NKHCX,0.062407036937784356,Not Churned
1220,0260-ZDLGK,0.38827593516749886,Not Churned
6014,7717-BICXI,0.00041666666666666664,Not Churned
2872,0431-APWVY,0.5078135041312154,Churned
4957,7249-WBIYX,0.5902273501069643,Churned
3969,2792-LSHWX,0.8211082359652099,Churned
5724,3173-WSSUE,0.00041666666666666664,Not Churned
5795,4335-BSMJS,0.0445277909762647,Not Churned
6857,6184-DYUOB,0.17683891547049446,Not Churned
1068,7696-AMHOD,0.13065063122212314,Not Churned
967,6064-PUPMC,0.14147466421620647,Not Churned
5118,8020-BWHYL,0.5617077756182582,Churned
5144,8123-QBNAZ,0.2011076245103327,Not Churned
2101,7384-GHBPI,0.6007497687990759,Churned
2414,9881-VCZEP,0.02617047231975026,Not Churned
1019,6933-FHBZC,0.1618177648600909,Not Churned
79,1227-UDMZR,0.057596981132668555,Not Churned
3610,1025-FALIX,0.07347353792294042,Not Churned
1574,3209-ZPKFI,0.06037912558152283,Not Churned
895,4702-HDRKD,0.049692600645235736,Not Churned
1893,5590-YRFJT,0.015830418654650583,Not Churned
1813,4987-GQWPO,0.05750385471729866,Not Churned
2965,2165-VOEGB,0.33183609879529175,Not Churned
5903,5995-LFTLE,0.08633991020146478,Not Churned
2030,6743-HHQPF,0.2726981115426543,Not Churned
95,1699-UOTXU,0.00415892576020975,Not Churned
6630,2085-JVGAD,0.007710695885144693,Not Churned
3952,2694-CIUMO,0.514856571678575,Churned
5215,8563-OYMQY,0.4036153574940344,Not Churned
2781,8480-PPONV,0.14613079698079695,Not Churned
4100,3316-UWXUY,0.1513468427796284,Not Churned
1591,3347-YJZZE,0.12205672503764292,Not Churned
6701,3308-MHOOC,0.25933333333333336,Not Churned
5028,7562-UXTPG,0.5369920899872616,Churned
4326,4373-MAVJG,0.3570770911246281,Not Churned
4480,5032-MIYKT,0.858708244488427,Churned
6502,9534-NSXEM,0.013678902101482744,Not Churned
3560,0754-UKWQP,0.8293006853693379,Churned
2988,2432-TFSMK,0.4463350558990863,Not Churned
3179,5968-XQIVE,0.019948721438838496,Not Churned
388,6384-VMJHP,0.09365473231079446,Not Churned
6078,8750-QWZAJ,0.00041666666666666664,Not Churned
4053,3096-IZETN,0.2612324690244374,Not Churned
3492,0468-YRPXN,0.6573799098713273,Churned
3008,2858-EIMXH,0.1779607098657136,Not Churned
1181,9705-ZJBCG,0.27764251808252244,Not Churned
2521,2380-DAMQP,0.3785238015383755,Not Churned
6679,2866-IKBTM,0.0973600252311538,Not Churned
228,3913-FCUUW,0.013028211295558177,Not Churned
23,0363-SVHYR,0.07638148536485023,Not Churned
6157,0048-PIHNL,0.003175218466469043,Not Churned
3144,5312-IRCFR,0.037065056348214796,Not Churned
27,0420-TXVSG,0.0007065986883118319,Not Churned
6714,3594-IVHJZ,0.06808429272825557,Not Churned
6136,9648-BCHKM,0.0030882352941176473,Not Churned
1712,4257-GAESD,0.25510794943941645,Not Churned
5303,9025-AOMKI,0.7513583298887212,Churned
5502,9927-DSWDF,0.6152573265050839,Churned
6567,1051-EQPZR,0.0005693063759677603,Not Churned
6606,1663-MHLHE,0.20881018581618283,Not Churned
1440,2108-GLPQB,0.11103490841481786,Not Churned
3567,0829-XXPLX,0.39673972269524377,Not Churned
6553,0750-EKNGL,0.08260862152901165,Not Churned
3185,6156-UZDLF,0.45708748126608406,Not Churned
2397,9754-CLVZW,0.12884597186376023,Not Churned
4583,5442-XSDCW,0.4775652017980805,Not Churned
2041,6859-RKMZJ,0.17780203795581495,Not Churned
5872,5542-NKVRU,0.014306177837993837,Not Churned
2833,9680-NIAUV,0.054340243985405275,Not Churned
2245,8467-WYNSR,0.20759029114648406,Not Churned
4285,4154-AQUGT,0.5990454735597709,Churned
2057,6982-SSHFK,0.5438502946470125,Churned
6370,5961-VUSRV,0.0719859963144593,Not Churned
2582,3831-YCPUO,0.05349864023680655,Not Churned
495,7975-JMZNT,0.048359733997847716,Not Churned
6712,3530-VWVGU,0.17435990723120007,Not Churned
6964,8317-BVKSO,0.07652933964167602,Not Churned
3505,0515-YPMCW,0.4732884215118449,Not Churned
5963,7008-LZVOZ,0.013550142864163211,Not Churned
6924,7698-YFGEZ,0.2678183045109096,Not Churned
6063,8515-OCTJS,0.049938612440711544,Not Churned
1597,3415-TAILE,0.3382239068670881,Not Churned
5839,5006-MXVRN,0.005675218466469043,Not Churned
1377,1585-MQSSU,0.12303579449840367,Not Churned
3535,0643-OKLRP,0.10111520732617515,Not Churned
456,7321-ZNSLA,0.06117603997367985,Not Churned
5401,9507-EXLTT,0.9254288341059749,Churned
6899,7107-UBYKY,0.018742856684033152,Not Churned
442,7131-ZQZNK,0.010308461280775207,Not Churned
4961,7270-BDIOA,0.39898281346199654,Not Churned
6369,5924-SNGKP,0.0015594380044507922,Not Churned
2527,2521-NPUZR,0.2292962301036317,Not Churned
2128,7595-EHCDL,0.09665144248918875,Not Churned
5166,8270-RKSAP,0.5658372499792265,Churned
1468,2320-SLKMB,0.1153710357733341,Not Churned
1657,3841-CONLJ,0.7585728046906417,Churned
146,2535-PBCGC,0.004062976020783717,Not Churned
6084,8857-CUPFQ,8e-05,Not Churned
5455,9741-YLNTD,0.6604714482970482,Churned
4430,4822-YCXMX,0.3787403336874457,Not Churned
204,3533-UVMOM,0.0047285453693113105,Not Churned
6543,0516-QREYC,0.005205441589733315,Not Churned
4025,2988-GBIVW,0.05278779398510476,Not Churned
2617,4822-LPTYJ,0.2577463294760403,Not Churned
2410,9853-JFZDU,0.08193839874714642,Not Churned
2118,7537-RBWEA,0.9070655222479977,Churned
5088,7892-QVYKW,0.19357147324562132,Not Churned
2227,8280-MQRQN,0.7737429876073303,Churned
6207,1682-VCOIO,0.00416161828186731,Not Churned
2456,0862-PRCBS,0.18631100544356138,Not Churned
2977,2293-IJWPS,0.2018057810585251,Not Churned
4369,4558-FANTW,0.2470346786350588,Not Churned
6535,0357-NVCRI,0.0010818592914487782,Not Churned
3929,2640-PMGFL,0.23592132145583133,Not Churned
3131,5168-MQQCA,0.11366266587075921,Not Churned
2794,8819-ZBYNA,0.4104200330965087,Not Churned
2907,1024-KPRBB,0.12239108265083645,Not Churned
6876,6621-YOBKI,0.10878196886618367,Not Churned
338,5707-ZMDJP,0.03485377980676521,Not Churned
4748,6221-AVQYL,0.4018467787038515,Not Churned
387,6374-AFWOX,0.026640642483253724,Not Churned
5997,7554-NEWDD,0.13446108167107249,Not Churned
1602,3450-WXOAT,0.25926686594481774,Not Churned
6935,7839-QRKXN,0.8650498168498169,Churned
3844,2207-QPJED,0.10939814242443113,Not Churned
1508,2718-GAXQD,0.1276266021467851,Not Churned
4837,6653-CBBOM,0.7374883261543911,Churned
1510,2722-JMONI,0.44227646493305983,Not Churned
5559,0704-VCUMB,0.000961782945736434,Not Churned
4376,4585-HETAI,0.5545476673641094,Churned
3091,4525-VZCZG,0.313044788066959,Not Churned
5440,9685-WKZGT,0.5876001763184044,Churned
2795,8823-RLPWL,0.01359502458101568,Not Churned
7011,9313-QOLTZ,0.009704881433007058,Not Churned
402,6522-OIQSX,0.039935673369118824,Not Churned
2698,6670-MFRPK,0.05967570084799647,Not Churned
5830,4878-BUNFV,0.0007781305353166571,Not Churned
3365,9565-JSNFM,0.2021261432336021,Not Churned
3582,0899-LIIBW,0.30428274821221396,Not Churned
1450,2189-UXTKY,0.4025276580190734,Not Churned
1832,5136-RGMZO,0.21530288082744484,Not Churned
3206,6480-YAGIY,0.18893253648093786,Not Churned
3908,2516-VQRRV,0.6692681095568592,Churned
4639,5712-AHQNN,0.07557669456511558,Not Churned
5594,1223-UNPKS,0.17435990723120007,Not Churned
5024,7547-EKNFS,0.21367862628790113,Not Churned
2477,1325-USMEC,0.15829044219007427,Not Churned
5488,9885-CSMWE,0.9540519679681825,Churned
2135,7636-OWBPG,0.28415716882414277,Not Churned
6409,6924-TDGMT,0.006362427244675239,Not Churned
5827,4821-WQOYN,0.02022222222222222,Not Churned
779,2639-UGMAZ,0.014392240137109128,Not Churned
478,7639-OPLNG,0.03481815911080258,Not Churned
6326,4750-UKWJK,0.010091744468103991,Not Churned
6114,9365-CSLBQ,0.0007186234817813765,Not Churned
2897,0864-FVJNJ,0.00890857475857476,Not Churned
1174,9609-BENEA,0.21461885474378684,Not Churned
4624,5630-IXDXV,0.4029149023623693,Not Churned
2277,8731-WBBMB,0.1035642481550353,Not Churned
3375,9762-YAQAA,0.11520968963792722,Not Churned
1786,4749-VFKVB,0.4433914754155905,Not Churned
3559,0744-GKNGE,0.06315267455973955,Not Churned
1811,4976-LNFVV,0.37553431245777974,Not Churned
2429,0181-RITDD,0.1431589297277562,Not Churned
1834,5151-HQRDG,0.14211124970891453,Not Churned
494,7963-SHNDT,0.09491230823304753,Not Churned
6767,4558-CGYCZ,0.21661938438494344,Not Churned
863,4189-NAKJS,0.10013987493288119,Not Churned
1789,4797-AXPXK,0.7726196626410711,Churned
868,4322-RCYMT,0.18680064509850747,Not Churned
3990,2867-UIMSS,0.9663085469155509,Churned
5104,7967-HYCDE,0.3667740485671608,Not Churned
2889,0691-NIKRI,0.5363678011591491,Churned
3183,6050-IJRHS,0.09576175886139389,Not Churned
6626,2023-VQFDL,0.027229685606548325,Not Churned
1145,9086-YJYXS,0.2019035760432236,Not Churned
6620,1925-GMVBW,0.10339149822571303,Not Churned
843,3898-BSJYF,0.27360337923973893,Not Churned
2275,8720-RQSBJ,0.4121044527695918,Not Churned
4766,6330-JKLPC,0.5719891558891844,Churned
3383,9896-UYMIE,0.17454330794862222,Not Churned
92,1568-LJSZU,0.03317531888254641,Not Churned
5586,1098-KFQEC,0.04130753304666348,Not Churned
1552,3050-GBUSH,0.5394048856701931,Churned
282,4900-MSOMT,0.03055137395097808,Not Churned
6061,8464-EETCQ,0.0009113425704730052,Not Churned
1380,1597-FZREH,0.7234120592071871,Churned
3439,0237-YFUTL,0.3907254168524856,Not Churned
2989,2480-EJWYP,0.14383176733206113,Not Churned
3656,1268-ASBGA,0.4862572683901682,Not Churned
1655,3808-HFKDE,0.4233979840006524,Not Churned
1527,2851-MMUTZ,0.15565187392666732,Not Churned
2150,7743-EXURX,0.157267167848006,Not Churned
6829,5624-RYAMH,0.05811126805287887,Not Churned
504,8106-GWQOK,0.23954058773139544,Not Churned
5503,9940-HPQPG,0.827833840196517,Churned
6993,9027-YFHQJ,0.20851152640573464,Not Churned
5423,9603-OAIHC,0.9120677006114652,Churned
2470,1163-VIPRI,0.029653144354041084,Not Churned
5682,2525-GVKQU,0.004406452311458432,Not Churned
1962,6211-WHMYA,0.12911438718837004,Not Churned
5562,0780-XNZFN,0.013637221542227662,Not Churned
4241,3957-LXOLK,0.40130401832662527,Not Churned
2054,6954-OOYZZ,0.4183925337428044,Not Churned
6510,9746-UGFAC,0.01028434282642194,Not Churned
4059,3138-BKYAV,0.6990508091479363,Churned
6996,9046-JBFWA,0.0005368011519138944,Not Churned
5729,3261-CQXOL,0.0011082338713917662,Not Churned
748,2233-TXSIU,0.06459173090635913,Not Churned
6152,9964-WBQDJ,0.0031462789120564006,Not Churned
4433,4826-XTSOH,0.9619659846026052,Churned
2334,9170-GYZJC,0.2992681915535108,Not Churned
6452,8191-XWSZG,0.26440645231145843,Not Churned
3766,1867-TJHTS,0.043517539020061814,Not Churned
6973,8566-YPRGL,0.6768124999999999,Churned
3920,2604-IJPDU,0.3990655325072923,Not Churned
3223,6732-FZUGP,0.036867562994243874,Not Churned
3906,2507-QZPQS,0.37672412964922786,Not Churned
2138,7669-LCRSD,0.16367177470370944,Not Churned
5859,5296-PSYVW,0.00047745947146346875,Not Churned
3682,1415-YFWLT,0.5138017173543076,Churned
959,5915-DGNVC,0.07272818808038592,Not Churned
6931,7787-BNTZM,0.07578657987111925,Not Churned
1666,3893-JRNFS,0.15370140211225336,Not Churned
892,4667-QONEA,0.02685305338780732,Not Churned
3073,4118-CEVPF,0.3017990385791753,Not Churned
6228,2239-CFOUJ,0.09437820915452494,Not Churned
5244,8714-CTZJW,0.6313996411081021,Churned
1623,3621-CHYVB,0.16089924855286772,Not Churned
3804,2037-SGXHH,0.22951476832577758,Not Churned
3475,0388-EOPEX,0.47910811616935944,Not Churned
1761,4581-LNWUM,0.18562795155898268,Not Churned
1816,5018-LXQQG,0.03147517727064342,Not Churned
6272,3452-FLHYD,0.005387415809996455,Not Churned
3003,2758-RNWXS,0.46701480511083426,Not Churned
1128,8788-DOXSU,0.0026139027144840604,Not Churned
3065,3886-CERTZ,0.07469425594710576,Not Churned
2424,0019-EFAEP,0.18109597936843272,Not Churned
206,3557-HTYWR,0.08220881565243848,Not Churned
2442,0479-HMSWA,0.6408665613392192,Churned
2914,1135-HIORI,0.04878624120870105,Not Churned
2089,7284-BUYEC,0.4236978820876242,Not Churned
2031,6752-APNJL,0.05866482291238144,Not Churned
6987,8942-DBMHZ,0.08591517483780776,Not Churned
957,5906-CVLHP,0.11309003382574775,Not Churned
3432,0219-YTZUE,0.8562507587444955,Churned
5952,6855-VLGOS,0.01,Not Churned
113,2123-VSCOT,0.03321691132102291,Not Churned
2916,1150-FTQGN,0.08877510626483867,Not Churned
22,0361-HJRDX,0.004062976020783717,Not Churned
5706,2892-GESUL,0.008404933724420869,Not Churned
2096,7359-PTSXY,0.6446921857676942,Churned
3576,0876-WDUUZ,0.7107983690677888,Churned
6429,7369-TRPFD,0.07050755414347491,Not Churned
5783,3978-YNKDD,0.0003884824541199343,Not Churned
1821,5061-PBXFW,0.029095796137726327,Not Churned
6277,3556-BVQGL,0.01879905630834803,Not Churned
6092,8922-NPKBJ,0.0005693063759677603,Not Churned
562,9065-ZCPQX,0.09911988891379059,Not Churned
5453,9732-EQMWY,0.08751014104322734,Not Churned
2384,9638-JIQYA,0.4455444907301136,Not Churned
960,5944-UGLLK,0.06291041784988588,Not Churned
4998,7426-WEIJX,0.05446036445641353,Not Churned
555,8882-TLVRW,0.03633155481423617,Not Churned
1586,3317-HRTNN,0.2575193321304347,Not Churned
2019,6650-VJONK,0.3911842623985895,Not Churned
6407,6870-ECSHE,0.39250724490946354,Not Churned
6928,7764-BDPEE,0.04970648293989255,Not Churned
4214,3834-XUIFC,0.6776866059839004,Churned
875,4501-UYKBC,0.22386425553079026,Not Churned
4937,7156-MHUGY,0.5565761919718594,Churned
6417,7137-NAXML,0.06438875815284435,Not Churned
4520,5206-XZZQI,0.29599958720732616,Not Churned
6270,3378-AJRAO,0.011020726921980839,Not Churned
2963,2085-BOJKI,0.419494970395489,Not Churned
7015,9367-TCUYN,0.04851527838865272,Not Churned
609,9755-JHNMN,0.007438063570606478,Not Churned
474,7609-YBPXG,0.03943982872972998,Not Churned
3295,8213-TAZPM,0.11480733179718619,Not Churned
6743,4020-KIUDI,0.011398040223355112,Not Churned
1368,1518-VOWAV,0.5701191211947054,Churned
2785,8606-CIQUL,0.0015384615384615385,Not Churned
1466,2294-DMMUS,0.022184443788555375,Not Churned
4757,6275-YDUVO,0.8399478118556432,Churned
4917,7048-GXDAY,0.4941944014418149,Not Churned
3555,0723-DRCLG,0.9439338762936306,Churned
4629,5650-YLIBA,0.4543450463880798,Not Churned
1852,5236-XMZJY,0.05276551799480498,Not Churned
5276,8844-TONUD,0.44003570256515545,Not Churned
824,3489-VSFRD,0.15929489122509444,Not Churned
917,5073-RZGBK,0.23129993425164888,Not Churned
2675,6211-WWLTF,0.25338284636331826,Not Churned
3667,1323-OOEPC,0.13067039989887477,Not Churned
2192,8033-ATFAS,0.15515103076734424,Not Churned
3132,5174-ITUMV,0.1563272295375586,Not Churned
574,9224-VTYID,0.10729142497057398,Not Churned
4172,3629-ZNKXA,0.5014395834281677,Churned
3786,1980-KXVPM,0.6894224401928437,Churned
8,0214-JHPFW,0.014867486811867042,Not Churned
1198,0003-MKNFE,0.18457059268716844,Not Churned
2233,8350-NYMVI,0.014315179094530608,Not Churned
6884,6806-YDEUL,0.2938010328033321,Not Churned
1336,1304-BCCFO,0.5722858071401431,Churned
4614,5597-GLBUC,0.9620320833783812,Churned
3550,0701-RFGFI,0.25164453180789864,Not Churned
2912,1113-IUJYX,0.43587098893098963,Not Churned
4999,7439-DKZTW,0.9524344010014564,Churned
5432,9633-XQABV,0.6498027162634691,Churned
3329,8894-JVDCV,0.14074232273368437,Not Churned
2643,5360-LJCNJ,0.22046965509588515,Not Churned
722,1696-MZVAU,0.0394468291821233,Not Churned
6984,8785-EPNCG,0.1322561001906095,Not Churned
5912,6169-PPETC,0.0006086390098929284,Not Churned
4570,5393-RXQSZ,0.9422559153366035,Churned
1493,2586-CWXVV,0.07088426799337849,Not Churned
6115,9371-BITHB,0.001852591186198365,Not Churned
2900,0898-XCGTF,0.16977186353721652,Not Churned
5275,8840-DQLGN,0.35479484659943483,Not Churned
6412,7009-PCARS,0.0011690456197748006,Not Churned
798,3021-VLNRJ,0.12124179423230019,Not Churned
4237,3951-NJCVI,0.17592928693371754,Not Churned
5865,5406-KGRMX,0.00047745947146346875,Not Churned
6817,5442-BXVND,0.00042098767817380005,Not Churned
3783,1965-AKTSX,0.6165970012579669,Churned
3467,0363-QJVFX,0.33580341260887053,Not Churned
6869,6490-FGZAT,0.043188473894360986,Not Churned
5864,5356-KZCKT,0.0031462789120564006,Not Churned
4968,7295-JOMMD,0.9090905470812392,Churned
5547,0508-SQWPL,0.0015938578329882677,Not Churned
4880,6894-LFHLY,0.9010491064506785,Churned
1760,4580-TMHJU,0.07514015124554517,Not Churned
4644,5760-FXFVO,0.5289290982095448,Churned
2321,9069-LGEUL,0.20581535982946517,Not Churned
4277,4128-ETESU,0.19093577803947895,Not Churned
4979,7354-OIJLX,0.49733311445492395,Not Churned
5103,7964-VEXDG,0.1522320036798859,Not Churned
3474,0378-TOVMS,0.4710828094375351,Not Churned
4060,3143-ILDAL,0.09804513065221764,Not Churned
2027,6705-LNMDD,0.17890439196868801,Not Churned
3970,2796-UUZZO,0.06526324978980229,Not Churned
714,1430-SFQSA,0.14171340784864742,Not Churned
332,5641-DMBFJ,0.0415043974237175,Not Churned
2669,6035-RIIOM,0.12345980721287227,Not Churned
3005,2805-EDJPQ,0.20749848415890057,Not Churned
5992,7493-GVFIO,0.010961782945736435,Not Churned
4434,4828-FAZPK,0.18651068685984407,Not Churned
3925,2615-YVMYX,0.1186549787682353,Not Churned
511,8174-TBVCF,0.10580566577914319,Not Churned
4789,6416-TVAIH,0.8712688281806659,Churned
16,0277-ORXQS,0.011092967935931619,Not Churned
6285,3727-OVPRY,0.005369767683788029,Not Churned
6889,6942-LBFDP,0.23321627122522262,Not Churned
2174,7880-XSOJX,0.27642639799103025,Not Churned
5435,9658-WYUFB,0.4694194437034935,Not Churned
2697,6650-BWFRT,0.03617890093215689,Not Churned
3663,1309-BXVOQ,0.6294611047627057,Churned
3692,1455-ESIQH,0.5811159461080101,Churned
3443,0258-NOKBL,0.4369765771269914,Not Churned
6355,5627-TVBPP,0.0029880094330222207,Not Churned
6971,8457-XIGKN,0.14362957630078121,Not Churned
4949,7228-OMTPN,0.7550662048921982,Churned
2291,8806-EAGWC,0.1827615484488961,Not Churned
6237,2550-QHZGP,0.164995554393956,Not Churned
6719,3679-XASPY,0.6535833333333335,Churned
5481,9850-OWRHQ,0.6400379758752885,Churned
6961,8267-KFGYD,0.8171251238105458,Churned
4017,2974-GGUXS,0.18810065846748608,Not Churned
263,4671-VJLCL,0.04460995863362894,Not Churned
5777,3913-RDSJZ,0.0013670698610738585,Not Churned
270,4737-AQCPU,0.2615438716373707,Not Churned
6400,6746-WAUWT,0.09668938140730493,Not Churned
4930,7133-VBDCG,0.3706212443976913,Not Churned
3170,5732-IKGQH,0.41929290246027295,Not Churned
6804,5066-GFJMM,0.045616693248272194,Not Churned
1779,4710-NKCAW,0.4051915353450069,Not Churned
5904,6000-UKLWI,0.004293980514016698,Not Churned
5931,6518-PPLMZ,0.329808143547274,Not Churned
6161,0219-QAERP,0.008563342131084568,Not Churned
3368,9651-GTSAQ,0.4320547067926351,Not Churned
5707,2900-PHPLN,0.013368501134278623,Not Churned
5032,7576-JMYWV,0.25557153747870875,Not Churned
629,0020-JDNXP,0.06785724474583174,Not Churned
2994,2636-SJDOU,0.09204080833167166,Not Churned
626,9993-LHIEB,0.02610827093512693,Not Churned
3770,1891-UAWWU,0.16028447061315906,Not Churned
5701,2805-AUFQN,0.00760625867400111,Not Churned
5736,3352-RICWQ,0.07228329938270024,Not Churned
5413,9560-ARGQJ,0.22973343125338125,Not Churned
5195,8443-WVPSS,0.7564278845515787,Churned
475,7622-FWGEW,0.06954119181666678,Not Churned
998,6574-MCOEH,0.2804651376670775,Not Churned
1793,4819-HJPIW,0.06237578701442966,Not Churned
5873,5549-ZGHFB,0.00041666666666666664,Not Churned
1245,0440-QEXBZ,0.25020556834830815,Not Churned
1910,5707-ORNDZ,0.15857698163807496,Not Churned
3398,0064-YIJGF,0.13760605403853401,Not Churned
2282,8741-LQOBK,0.07043029128494646,Not Churned
4193,3733-LSYCE,0.41032892420783024,Not Churned
83,1271-UODNO,0.2336280915206644,Not Churned
5747,3507-GASNP,0.0006492248062015504,Not Churned
5697,2729-VNVAP,0.01108185929144878,Not Churned
6210,1722-LDZJS,0.012259913999044431,Not Churned
111,2088-IEBAU,0.0727282158668534,Not Churned
6772,4661-NJEUX,0.6376082845917522,Churned
4554,5339-TJFEK,0.31919966370074704,Not Churned
4524,5222-IMUKT,0.10446431473201626,Not Churned
4347,4480-QQRHC,0.5443833386064392,Churned
3342,9101-BWFSS,0.16982615926173503,Not Churned
4041,3049-SOLAY,0.8951544586036964,Churned
5403,9512-UIBFX,0.35888679833014614,Not Churned
2729,7208-PSIHR,0.23201116444511574,Not Churned
468,7524-VRLPL,0.017196830720302387,Not Churned
4919,7072-MBHEV,0.4972950328602645,Not Churned
4002,2911-WDXMV,0.23727614178465015,Not Churned
834,3648-GZPHF,0.21555980090782975,Not Churned
1634,3683-QKIUE,0.5470725493404084,Churned
4793,6435-SRWBJ,0.6978416098753937,Churned
4187,3716-BDVDB,0.8963886897845531,Churned
3394,0023-XUOPT,0.47654763173217796,Not Churned
621,9888-ZCUMM,0.024091680175414645,Not Churned
871,4369-NYSCF,0.03586764127151869,Not Churned
2476,1320-GVNHT,0.04470722520189306,Not Churned
6342,5312-TSZVC,0.022444481226702947,Not Churned
3785,1977-STDKI,0.9004891414618987,Churned
3514,0570-BFQHT,0.22550766001121186,Not Churned
3442,0257-ZESQC,0.2924520495841532,Not Churned
4685,5940-NFXKV,0.35744852231019636,Not Churned
2052,6921-OZMFH,0.40354576499483785,Not Churned
2585,3882-IYOIJ,0.2023989170941984,Not Churned
2458,0906-QVPMS,0.3785238015383755,Not Churned
4870,6856-RAURS,0.4936332741753018,Not Churned
2888,0691-JVSYA,0.10358609179134953,Not Churned
4363,4547-LYTDD,0.24598840167287264,Not Churned
1239,0396-UKGAI,0.11886788612806294,Not Churned
1523,2831-EBWRN,0.5846430952901125,Churned
3360,9419-IPPBE,0.056091443670701235,Not Churned
6235,2466-FCCPT,0.21124273370704982,Not Churned
3655,1264-BYWMS,0.1268657286523118,Not Churned
5505,9943-VSZUV,0.022883396450059972,Not Churned
3415,0135-NMXAP,0.7200219613885447,Churned
3465,0354-WYROK,0.6734046050027227,Churned
4215,3838-OZURD,0.21810890798513755,Not Churned
6647,2342-CKIAO,0.14283979324590862,Not Churned
6549,0620-XEFWH,0.0012104949314251639,Not Churned
3485,0428-IKYCP,0.4390007400067554,Not Churned
2556,3258-SYSWS,0.0536731803053166,Not Churned
372,6164-HAQTX,0.02042107768048722,Not Churned
3812,2070-FNEXE,0.2805553733368958,Not Churned
2702,6733-LRIZX,0.37645777515212664,Not Churned
853,4081-DYXAV,0.48706434181298397,Not Churned
3601,0963-ZBDRN,0.4306438869532462,Not Churned
4760,6298-QDFNH,0.38711627024971224,Not Churned
4552,5334-JLAXU,0.2081506834639805,Not Churned
4800,6474-FVJLC,0.8411557731692,Churned
4537,5277-ZLOOR,0.7608057720100403,Churned
6497,9498-FIMXL,0.034730070053794866,Not Churned
39,0562-FGDCR,0.05900991936247876,Not Churned
4713,6047-YHPVI,0.690917811263306,Churned
58,0848-SOMKO,0.09486246399110904,Not Churned
5916,6265-FRMTQ,0.007118701738950767,Not Churned
4297,4229-CZMLL,0.5381260617961209,Churned
5454,9734-YWGEX,0.8508157250496268,Churned
6026,7996-BPXHY,0.19699475687710977,Not Churned
2405,9822-OAOVB,0.7373927816738776,Churned
6098,9030-QGZNL,0.187903160661279,Not Churned
2370,9530-EHPOH,0.19417590410338864,Not Churned
5336,9189-JWSHV,0.40101720954741926,Not Churned
883,4576-CSAJH,0.1575187908459104,Not Churned
5662,2228-BZDEE,0.0029953498269863817,Not Churned
4634,5685-IIXLY,0.786753020935373,Churned
1459,2235-DWLJU,0.42108818203844856,Not Churned
4628,5649-RXQTV,0.144475735573386,Not Churned
5116,8017-LXHFA,0.48748749564470556,Not Churned
2730,7255-SSFBC,0.03487179487179487,Not Churned
2372,9554-DFKIC,0.1341189564236619,Not Churned
238,4079-VTGLK,0.1147335128523271,Not Churned
2854,0100-DUVFC,0.2920637218772508,Not Churned
6946,7976-CICYS,0.05433597208338321,Not Churned
3119,5014-WUQMG,0.2418453065368353,Not Churned
4904,6987-XQSJT,0.09359527451677621,Not Churned
4616,5600-KTXFM,0.6191360610715451,Churned
3846,2208-UGTGR,0.07107232254943611,Not Churned
4895,6956-SMUCM,0.919630170949121,Churned
5801,4458-KVRBJ,0.00047745947146346875,Not Churned
3693,1455-UGQVH,0.8377563179816676,Churned
6453,8194-PEEBY,0.0010818592914487782,Not Churned
1123,8738-JOKAR,0.19781823372358356,Not Churned
6442,7813-TKCVO,0.11836241245472562,Not Churned
2475,1304-SEGFY,0.12549625171754422,Not Churned
3947,2684-EIWEO,0.11081132138390096,Not Churned
992,6440-DKQGE,0.017606434435598676,Not Churned
5690,2626-VEEWG,0.37926984126984126,Not Churned
6628,2080-SRCDE,0.31010299733021496,Not Churned
2348,9342-VNIMQ,0.13620312926702133,Not Churned
1549,3030-YZADT,0.16016367123506106,Not Churned
2441,0454-OKRCT,0.21646997479915986,Not Churned
4656,5839-SUYVZ,0.534908738232199,Churned
436,7037-MTYVW,0.34343056389089777,Not Churned
14,0263-FJTQO,0.1008969666460933,Not Churned
5623,1657-DYMBM,0.005863566881249948,Not Churned
3660,1304-NECVQ,0.7111238502247059,Churned
7019,9441-QHEVC,0.06964351914951615,Not Churned
6317,4616-EWBNJ,0.011319114386652854,Not Churned
1516,2782-JEEBU,0.3142104977749816,Not Churned
5036,7587-AOVVU,0.47942371381150267,Not Churned
6022,7951-QKZPL,0.0022549019607843133,Not Churned
3861,2277-DJJDL,0.1302358319262018,Not Churned
6710,3506-LCJDC,0.28763435934686027,Not Churned
4339,4445-ZJNMU,0.7328296610683784,Churned
4377,4587-NUKOX,0.758326113559833,Churned
3123,5067-XJQFU,0.06074589569470293,Not Churned
469,7560-QJAVJ,0.008579348373250027,Not Churned
2145,7729-JTEEC,0.4909107427475183,Not Churned
6316,4597-ELFTS,0.00047745947146346875,Not Churned
2870,0409-WTMPL,0.250323315497879,Not Churned
2767,8089-UZWLX,0.19475227751926497,Not Churned
1856,5309-TAIKL,0.13939393017161883,Not Churned
2549,3133-PZNSR,0.21725264842123676,Not Churned
178,3166-PNEOF,0.018399545869869666,Not Churned
4906,6993-OHLXR,0.3516210637589664,Not Churned
2164,7839-NUIAA,0.018906022256384963,Not Churned
2754,7826-VVKWT,0.6053741471041678,Churned
2981,2359-QWQUL,0.49907955954382954,Not Churned
2269,8679-JOEVF,0.23634617262697366,Not Churned
6623,1984-GPTEH,0.13147545454597467,Not Churned
340,5727-MYATE,0.030841985549213077,Not Churned
5009,7493-TPUWZ,0.6021341233934069,Churned
1509,2720-FVBQP,0.3238539611712209,Not Churned
6745,4063-EIKNQ,0.016678001587094253,Not Churned
4462,4951-UKAAQ,0.7138426671895908,Churned
1685,4030-VPZBD,0.6835869462169417,Churned
7012,9318-NKNFC,0.2501805555555556,Not Churned
2892,0750-EBAIU,0.07153492671759167,Not Churned
3951,2692-BUCFV,0.469736719106136,Not Churned
884,4578-PHJYZ,0.06525330757965965,Not Churned
3633,1170-SASML,0.04708345681938314,Not Churned
2430,0201-MIBOL,0.27277832439882166,Not Churned
2510,2121-JAFOM,0.026178900932156895,Not Churned
2836,9739-JLPQJ,0.1936950826950827,Not Churned
2360,9481-SFCQY,0.09903587887602866,Not Churned
5240,8699-ASUFO,0.6157212957381468,Churned
4227,3898-GUYTS,0.3913854593810187,Not Churned
1547,2985-JUUBZ,0.27676294360286,Not Churned
4637,5701-YVSVF,0.5900438723798792,Churned
2928,1360-JYXKQ,0.16195747911303787,Not Churned
4543,5299-RULOA,0.6549670682031149,Churned
2375,9572-WUKSB,0.48670798559550305,Not Churned
6448,8075-GXIUB,0.05833701049511555,Not Churned
3854,2262-SLNVK,0.942000916407839,Churned
5186,8397-MVTAZ,0.3321014039417101,Not Churned
6360,5808-TOTXO,0.17359856162144494,Not Churned
2295,8851-RAGOV,0.18267365429046678,Not Churned
1654,3806-DXQOM,0.5285336537713919,Churned
3980,2832-KJCRD,0.4225093090922127,Not Churned
4287,4183-MYFRB,0.3972740687357685,Not Churned
5428,9617-INGJY,0.7549504914055966,Churned
6519,0030-FNXPP,0.22153824729877536,Not Churned
6517,9867-JCZSP,0.015745625311262793,Not Churned
6957,8203-XJZRC,0.28083534462365856,Not Churned
2654,5684-FJVYR,0.02006035108031081,Not Churned
4329,4391-RESHN,0.5257584631464494,Churned
605,9610-WCESF,0.04483467410033895,Not Churned
1756,4524-QCSSM,0.29053638786042574,Not Churned
3719,1597-LHYNC,0.3725313095602844,Not Churned
1082,7919-ZODZZ,0.11941020361028863,Not Churned
2492,1576-PFZIW,0.14201893595169823,Not Churned
2728,7182-OVLBJ,0.26975463594698923,Not Churned
6460,8430-TWCBX,0.2044064523114584,Not Churned
2877,0512-FLFDW,0.19749497484346354,Not Churned
4846,6693-FRIRW,0.37218924408074217,Not Churned
1922,5876-HZVZM,0.18064067724887845,Not Churned
5641,1970-KKFWL,0.0213328267319539,Not Churned
246,4254-QPEDE,0.005685486251018849,Not Churned
5051,7660-HDPJV,0.8963886897845531,Churned
400,6505-OZNPG,0.14445216627589727,Not Churned
1349,1373-ORVIZ,0.11870256286975316,Not Churned
3900,2482-CZGBB,0.5058729805445846,Churned
3261,7544-ZVIKX,0.23472853013529493,Not Churned
2067,7065-YUNRY,0.7245562657315624,Churned
3168,5686-CMAWK,0.4941190727677558,Not Churned
4288,4183-WCSEP,0.4112527351771974,Not Churned
4468,4988-IQIGL,0.7533293520186141,Churned
6354,5619-XZZKR,0.4111671235316685,Not Churned
3050,3680-CTHUH,0.15720195006287693,Not Churned
4365,4550-EVXNY,0.9700916764765448,Churned
3510,0533-BNWKF,0.04837691212258735,Not Churned
520,8232-CTLKO,0.004091680175414647,Not Churned
3348,9233-PSYHO,0.39591847651672923,Not Churned
4839,6680-WKXRZ,0.23585101349526172,Not Churned
1441,2108-XWMPY,0.5017783929678489,Churned
2237,8399-YNDCH,0.18329221274047128,Not Churned
5999,7596-IIWYC,0.0031054415897333143,Not Churned
5045,7621-VPNET,0.10584388024958633,Not Churned
1790,4801-JZAZL,0.2757630079637434,Not Churned
6456,8277-RVRSV,0.0504209876781738,Not Churned
276,4837-PZTIC,0.022401903051790285,Not Churned
5335,9185-TQCVP,0.6509818979406488,Churned
6916,7531-GQHME,0.033067981017980745,Not Churned
2345,9308-ANMVE,0.10971438288706135,Not Churned
5311,9058-HRZSV,0.0536204653041174,Not Churned
943,5753-QQWPW,0.18171403792793395,Not Churned
5334,9172-JITSM,0.5033394244776314,Churned
2490,1555-DJEQW,0.007899865047233468,Not Churned
2513,2223-GDSHL,0.0015384615384615385,Not Churned
6131,9593-CVZKR,0.0,Not Churned
3135,5197-PYEPU,0.24423973532010565,Not Churned
6910,7310-EGVHZ,0.41689594578720063,Not Churned
2071,7078-NVFAM,0.12102128718044704,Not Churned
1399,1767-TGTKO,0.2423729601200427,Not Churned
3903,2504-DSHIH,0.1522355765946311,Not Churned
3245,7080-TNUWP,0.11624591942607289,Not Churned
945,5756-OZRIO,0.02339418998785202,Not Churned
2022,6661-EIPZC,0.13244621017817054,Not Churned
6363,5857-XRECV,0.3750686009896536,Not Churned
6170,0731-EBJQB,0.02388888888888889,Not Churned
17,0298-XACET,0.04362368772830322,Not Churned
2710,6859-QNXIQ,0.0015384615384615385,Not Churned
4464,4958-XCBDQ,0.3731482733787733,Not Churned
1354,1410-RSCMR,0.4733507714483758,Not Churned
5072,7803-XOCCZ,0.1603751260592932,Not Churned
6163,0269-XFESX,0.0003884824541199343,Not Churned
4320,4329-YPDDQ,0.5005038897869194,Churned
4444,4860-IJUDE,0.6145914107378025,Churned
303,5181-OABFK,0.012074084197929462,Not Churned
3017,2931-VUVJN,0.2081506834639805,Not Churned
2376,9577-WJVCQ,0.0535263009828259,Not Churned
352,5862-BRIXZ,0.2529298912089843,Not Churned
6552,0690-SRQID,0.10344357366771159,Not Churned
6236,2495-TTHBQ,0.026878875688206315,Not Churned
6234,2387-KDZQY,0.021496112634764794,Not Churned
2677,6242-FEGFD,0.0666832629199416,Not Churned
987,6341-JVQGF,0.31876245365430994,Not Churned
1538,2937-FTHUR,0.12606959187170066,Not Churned
3803,2034-GDRCN,0.6434101691617787,Churned
716,1492-KGETH,0.0720936632048433,Not Churned
5318,9094-AZPHK,0.8574873664895,Churned
6290,3935-TBRZZ,0.012986492673992673,Not Churned
2918,1174-FGIFN,0.514777781088947,Churned
4703,6000-APYLU,0.6210590992190635,Churned
6793,4892-VLANZ,0.08227675133406505,Not Churned
6499,9509-MPYOD,0.008005726941045314,Not Churned
2676,6234-RAAPL,0.10071535081554073,Not Churned
3374,9746-MDMBK,0.28004614605946804,Not Churned
6644,2320-JRSDE,0.3749883919843598,Not Churned
5161,8225-BTJAU,0.5299266009895842,Churned
5279,8861-HGGKB,0.638425074344889,Churned
3912,2528-HFYZX,0.3528585356451049,Not Churned
1833,5143-EGQFK,0.5120595293267484,Churned
5160,8224-DWCKX,0.5475375622387791,Churned
4856,6745-JEFZB,0.4610257180720099,Not Churned
4020,2982-VPSGI,0.6980323656211488,Churned
4547,5307-DZCVC,0.4826091041937567,Not Churned
3592,0929-PECLO,0.0354034890356816,Not Churned
1598,3426-NIYYL,0.13191281936385726,Not Churned
6328,4815-TUMEQ,0.04198599631445931,Not Churned
3210,6559-RAKOZ,0.2511608673540955,Not Churned
3239,7016-NVRIC,0.3809240023337263,Not Churned
3,0056-EPFBG,0.12645547612701827,Not Churned
5934,6585-WCEWR,0.00041666666666666664,Not Churned
6195,1272-ILHFG,0.03101462453368836,Not Churned
1505,2676-OXPPQ,0.2315761374142375,Not Churned
6126,9548-LERKT,0.07994073730942852,Not Churned
2262,8654-DHAOW,0.21768022712355517,Not Churned
5941,6685-XSHHU,0.0,Not Churned
4507,5153-RTHKF,0.24350374416247483,Not Churned
2920,1229-RCALF,0.16115045080576512,Not Churned
4593,5515-AKOAJ,0.2272876411800998,Not Churned
101,1897-OKVMW,0.034611599132921674,Not Churned
5149,8155-IBNHG,0.2781825960340477,Not Churned
2395,9743-DQKQW,0.38057485124195795,Not Churned
2328,9115-YQHGA,0.14452283632255003,Not Churned
1903,5669-SRAIP,0.21455047424256354,Not Churned
1524,2833-SLKDQ,0.3427062524960385,Not Churned
4437,4833-QTJNO,0.035330902458088995,Not Churned
1662,3873-NFTGI,0.25359359313073027,Not Churned
2887,0691-IFBQW,0.34047483096681064,Not Churned
5306,9050-QLROH,0.40346369721306374,Not Churned
4692,5959-BELXA,0.47081485481512,Not Churned
3956,2719-BDAQO,0.29250938496818374,Not Churned
289,4994-OBRSZ,0.1724998692075287,Not Churned
4027,3001-CBHLQ,0.3385105398068219,Not Churned
1217,0228-MAUWC,0.07748111882072352,Not Churned
1323,1163-ONYEY,0.27676294360286,Not Churned
4318,4315-MURBD,0.9183694870408005,Churned
1494,2592-SEIFQ,0.46422143477395067,Not Churned
3501,0504-HHAPI,0.2752923466516341,Not Churned
2143,7707-PYBBH,0.1923188610346844,Not Churned
1170,9500-IWPXQ,0.045252487498866414,Not Churned
3713,1579-KLYDT,0.6195057886210368,Churned
1537,2933-FILNV,0.6621684138538358,Churned
5436,9659-QEQSY,0.2695492382731407,Not Churned
3141,5294-IMHHT,0.038211848244490726,Not Churned
4293,4194-WHFCB,0.204020553109095,Not Churned
4828,6627-CFOSN,0.21029410398465898,Not Churned
3727,1640-PLFMP,0.747488326154391,Churned
2388,9667-EQRXU,0.21776017730832808,Not Churned
3035,3313-QKNKB,0.044709069679393476,Not Churned
2770,8152-VETUR,0.15704738772842597,Not Churned
6173,0804-YGEQV,0.0018333333333333335,Not Churned
5298,8990-ZXLSU,0.19995314270224931,Not Churned
4942,7206-GZCDC,0.9079788643159038,Churned
3336,8961-QDZZJ,0.13128732490545977,Not Churned
806,3164-AALRN,0.5837515057621497,Churned
731,1877-HKBQX,0.18342703795581497,Not Churned
2361,9489-UTFKA,0.13484723002832197,Not Churned
6622,1963-VAUKV,0.15612604334913985,Not Churned
3967,2786-GCDPI,0.3729656811446274,Not Churned
6655,2466-NEJOJ,0.011418944202316667,Not Churned
4818,6572-ADKRS,0.08789598010167758,Not Churned
2304,8930-XOTDP,0.23103731331877708,Not Churned
3391,0013-EXCHZ,0.6664307068059085,Churned
6531,0278-YXOOG,0.026669966561900155,Not Churned
4546,5302-BDJNT,0.18126679350063593,Not Churned
4810,6522-YRBXD,0.22981460069273993,Not Churned
1913,5760-WRAHC,0.26367386633024154,Not Churned
4945,7209-JCUDS,0.7227835798484823,Churned
1753,4504-YOULA,0.11117584225801391,Not Churned
6697,3181-MIZBN,0.08361650182306565,Not Churned
5558,0640-YJTPY,0.0007186234817813765,Not Churned
6703,3345-JHUEO,0.09685980101769574,Not Churned
1369,1530-ZTDOZ,0.05452736229714367,Not Churned
1486,2485-ITVKB,0.7724207831040428,Churned
4687,5949-XIKAE,0.7000957286545577,Churned
295,5115-GZDEL,0.03479958792723329,Not Churned
4336,4433-JCGCG,0.2920870106409609,Not Churned
2980,2330-PQGDQ,0.22245307127683642,Not Churned
454,7301-ABVAD,0.01783347559946662,Not Churned
2824,9488-FYQAU,0.2726554602120699,Not Churned
4120,3389-YGYAI,0.8063922615756988,Churned
2713,6919-ELBGL,0.0015384615384615385,Not Churned
4133,3428-XZMAZ,0.9322951921104925,Churned
6140,9710-NJERN,0.004293980514016698,Not Churned
3496,0487-RPVUM,0.13614299125059082,Not Churned
2280,8735-IJJEG,0.30746991538435625,Not Churned
1965,6218-KNUBD,0.177453827728982,Not Churned
975,6194-HBGQN,0.1632155302392695,Not Churned
3396,0058-EVZWM,0.033212144524878535,Not Churned
6484,8966-OIQHG,0.005745625311262791,Not Churned
679,0866-QLSIR,0.12260178341727786,Not Churned
2013,6624-JDRDS,0.3925675453015838,Not Churned
4898,6968-GMKPR,0.05842792194661875,Not Churned
6921,7617-EYGLW,0.3855891918978205,Not Churned
1740,4432-ADRLB,0.6712953203871931,Churned
1978,6339-DKLMK,0.33163565315360716,Not Churned
3441,0256-LTHVJ,0.26010803208981137,Not Churned
3868,2344-JMOGN,0.6481962566087408,Churned
5060,7730-IUTDZ,0.36249773591209705,Not Churned
6797,4936-YPJNK,0.0222694614479743,Not Churned
3187,6199-IWKGC,0.2055519661042075,Not Churned
5602,1293-BSEUN,0.00022222222222222223,Not Churned
3817,2079-FBMZK,0.3178490231229631,Not Churned
712,1397-XKKWR,0.23054018697081954,Not Churned
4765,6328-ZPBGN,0.50205355336782,Churned
3743,1730-ZMAME,0.42011364763965,Not Churned
5133,8083-YTZES,0.7056626899785046,Churned
4619,5609-CEBID,0.4296405212733552,Not Churned
2094,7351-KYHQH,0.13951260741510058,Not Churned
4532,5244-IRFIH,0.42743906973256107,Not Churned
903,4872-VXRIL,0.01261390271448406,Not Churned
4569,5389-FFVKB,0.41043026516288533,Not Churned
6396,6563-VRERX,0.010608639009892928,Not Churned
5411,9547-ITEFG,0.5331809244794345,Churned
4538,5281-BUZGT,0.38899779054490047,Not Churned
703,1265-HVPZB,0.005609416188847639,Not Churned
4735,6168-YBYNP,0.2548357756254707,Not Churned
6338,5177-RVZNU,0.0003136079539923073,Not Churned
2878,0516-OOHAR,0.5108592901409849,Churned
4842,6688-UZPWD,0.8615269386847167,Churned
4455,4918-FYJNT,0.05594188310074146,Not Churned
1337,1310-QRITU,0.2830243148715526,Not Churned
5086,7881-INRLC,0.29904081812976424,Not Churned
4929,7130-YXBRO,0.2784715022884575,Not Churned
1573,3179-GBRWV,0.1460837458362808,Not Churned
3624,1092-GANHU,0.3382819809911205,Not Churned
4485,5054-IEXZT,0.8382620832383991,Churned
5857,5249-QYHEX,0.011833333333333333,Not Churned
984,6302-JGYRJ,0.2997348185938792,Not Churned
3672,1363-TXLSL,0.7374883261543911,Churned
2181,7909-FIOIY,0.004992997198879552,Not Churned
531,8404-VIOMB,0.0018688377774958925,Not Churned
3145,5336-UFNZP,0.06129515173995439,Not Churned
1205,0082-LDZUE,0.6473346741532449,Churned
4522,5216-WASFJ,0.47750204700872545,Not Churned
6193,1226-JZNKR,0.10171369709154629,Not Churned
61,0909-SELIE,0.045057474217285384,Not Churned
1768,4647-XXZAM,0.21759948639039792,Not Churned
198,3474-BAFSJ,0.3032942762295531,Not Churned
5810,4625-LAMOB,0.015175218466469045,Not Churned
2896,0853-NWIFK,0.37276386958953195,Not Churned
5114,8012-SOUDQ,0.07805392406682678,Not Churned
299,5130-YPIRV,0.02106462508536412,Not Churned
5710,2984-RGEYA,0.00041666666666666664,Not Churned
6574,1140-UKVZG,0.011391354779997418,Not Churned
1784,4729-XKASR,0.5129039221797332,Churned
6070,8612-GXIDD,0.20152265213176027,Not Churned
3018,2931-XIQBR,0.3295038145462559,Not Churned
4067,3167-SNQPL,0.16401747490071564,Not Churned
2716,6993-YCOBK,0.1650433766835959,Not Churned
2932,1442-OKRJE,0.21877531014470816,Not Churned
3052,3692-JHONH,0.4532999958986475,Not Churned
2712,6904-JLBGY,0.1061789009321569,Not Churned
2207,8158-WPEZG,0.3474643226833581,Not Churned
3726,1628-BIZYP,0.9609713319795002,Churned
6155,0023-UYUPN,0.04797745947146347,Not Churned
1643,3733-ZEECP,0.056938743286792846,Not Churned
5742,3457-PQBYH,0.0009549689440993789,Not Churned
1372,1548-ARAGG,0.3104980068820736,Not Churned
1848,5207-PLSTK,0.3532491103924319,Not Churned
2188,7989-AWGEH,0.038920094036286906,Not Churned
4467,4983-CLMLV,0.30635860883586147,Not Churned
3554,0722-TROQR,0.6634516435336127,Churned
5052,7665-TOALD,0.9718960178036263,Churned
5744,3460-TJBWI,0.04038848245411994,Not Churned
2580,3795-CAWEX,0.011538461538461537,Not Churned
2497,1813-JYWTO,0.01560297183534804,Not Churned
775,2581-VKIRT,0.005323438483627819,Not Churned
5026,7549-MYGPK,0.23377128684678436,Not Churned
1418,1919-RTPQD,0.22406043472523154,Not Churned
1739,4431-EDMIQ,0.4153147397160937,Not Churned
6789,4830-FAXFM,0.03475490196078431,Not Churned
5721,3148-AOIQT,0.01894597995839422,Not Churned
5604,1302-TPUBN,8e-05,Not Churned
2655,5693-PIPCS,0.37781330324374524,Not Churned
1689,4074-SJFFA,0.5221806513433265,Churned
2822,9412-ARGBX,0.34135643000661225,Not Churned
6914,7521-YXVZY,0.0795545641175996,Not Churned
4032,3005-TYFRD,0.4194919989897546,Not Churned
6105,9150-KPBJQ,0.07260098277220386,Not Churned
1292,0851-DFJKB,0.18008912963465767,Not Churned
3445,0265-EDXBD,0.3512150985018956,Not Churned
5553,0608-JDVEC,0.009574432432983287,Not Churned
1542,2959-EEXWB,0.0928743627212881,Not Churned
3340,9036-CSKBW,0.1702052564576425,Not Churned
2122,7579-OOPEC,0.24202677037564682,Not Churned
2738,7564-GHCVB,0.019170067085800258,Not Churned
6003,7606-BPHHN,0.004277592043369531,Not Churned
2202,8097-VBQTZ,0.029073762749718946,Not Churned
3754,1792-UXAFY,0.5541928075787694,Churned
3122,5056-FIMPT,0.37341049356694356,Not Churned
3996,2876-GZYZC,0.5669049636325952,Churned
5703,2817-LVCPP,0.17216526106577082,Not Churned
827,3569-VLDHH,0.026863487561476784,Not Churned
5362,9317-WZPGV,0.8239524074572856,Churned
5597,1241-EZFMJ,0.0009774594714634687,Not Churned
2461,0960-HUWBM,0.12051829036305835,Not Churned
3513,0564-MUUQK,0.5023125889241502,Churned
1665,3891-PUQOD,0.34878559292519457,Not Churned
6486,9066-QRSDU,0.040424398024187534,Not Churned
5296,8981-FJGLA,0.4972950328602645,Not Churned
382,6339-RZCBJ,0.03335597241799383,Not Churned
2216,8221-EQDGL,0.11292485727477564,Not Churned
1161,9357-UJRUN,0.16204450794986547,Not Churned
4868,6847-KJLTS,0.24679955988064642,Not Churned
4827,6618-RYATB,0.9439307688765662,Churned
5956,6923-AQONU,0.0053884824541199335,Not Churned
1566,3132-TVFDZ,0.14419172418587198,Not Churned
4686,5947-SGKCL,0.45416891061019604,Not Churned
1637,3694-DELSO,0.09200335323321361,Not Churned
1401,1768-ZAIFU,0.840160760343236,Churned
1766,4640-UHDOS,0.1698166439337655,Not Churned
4863,6818-WOBHJ,0.0778898793399923,Not Churned
5688,2607-DHDAK,0.0012222222222222224,Not Churned
5638,1927-QEWMY,0.000961782945736434,Not Churned
561,9027-TMATR,0.1690330079676271,Not Churned
6983,8780-RSYYU,0.002050349012060092,Not Churned
2946,1696-HXOWK,0.1339990866583122,Not Churned
4720,6086-ESGRL,0.9653085469155509,Churned
1316,1101-SSWAG,0.3105655583642631,Not Churned
128,2235-EZAIK,0.009958658718077613,Not Churned
1569,3160-TYXLT,0.2670752774540033,Not Churned
5143,8120-JDCAM,0.3107078037312286,Not Churned
787,2834-JKOOW,0.14535205399561482,Not Churned
2449,0678-RLHVP,0.28851269694472104,Not Churned
506,8144-DGHXP,0.22573915324788701,Not Churned
7034,9860-LISIZ,0.0029809661554149637,Not Churned
2366,9514-JDSKI,0.6120987787166159,Churned
1376,1582-RAFML,0.3955332110673924,Not Churned
2025,6702-OHFWR,0.48146564767997463,Not Churned
741,2073-QBVBI,0.026582848172304042,Not Churned
195,3410-YOQBQ,0.13603739602674758,Not Churned
797,2988-PLAHS,0.625696420637156,Churned
3188,6202-DYYFX,0.26362944467576815,Not Churned
2653,5671-RQRLP,0.10960052892908716,Not Churned
4374,4581-SSPWD,0.7601990089183234,Churned
1639,3703-TTEPD,0.042419315139611696,Not Churned
3275,7774-OJSXI,0.48823371773120866,Not Churned
5468,9800-ONTFE,0.1748937152564889,Not Churned
3973,2800-VEQXM,0.6354332746441058,Churned
2083,7240-ETPTR,0.3710663301039297,Not Churned
6229,2277-AXSDC,0.08089782076651197,Not Churned
5242,8708-XPXHZ,0.21295283212553123,Not Churned
3112,4837-QUSFT,0.18928887138734535,Not Churned
587,9385-NXKDA,0.040970969060064276,Not Churned
5511,9961-JBNMK,0.3647310365016726,Not Churned
791,2890-WFBHU,0.02681554517014658,Not Churned
1231,0322-CHQRU,0.3950097004636109,Not Churned
6421,7279-NMVJC,0.014497676268502629,Not Churned
237,4077-HWUYD,0.015166650727569252,Not Churned
4924,7120-RFMVS,0.7861675796738373,Churned
5064,7760-OYPDY,0.7519485805449382,Churned
3677,1391-UBDAR,0.41182811581486445,Not Churned
3834,2154-KVJFF,0.6406831183086911,Churned
3022,3009-JWMPU,0.11306852245394769,Not Churned
3600,0958-YHXGP,0.47962054824126793,Not Churned
986,6332-FBZRI,0.05751669140136751,Not Churned
4015,2960-NKRSO,0.43861839391764207,Not Churned
5869,5480-XTFFL,0.00025149615275007125,Not Churned
3045,3567-PQTSO,0.19343266724140967,Not Churned
1911,5730-RIITO,0.08805982677952234,Not Churned
419,6732-VAILE,0.04720911483555646,Not Churned
6605,1641-BYBTK,0.09817258198191262,Not Churned
3081,4350-ZTLPI,0.35354277605019946,Not Churned
1980,6345-HOVES,0.2973242447867085,Not Churned
6135,9646-NMHXE,0.0240776865518227,Not Churned
4595,5519-YLDGW,0.585688700686458,Churned
3539,0655-RBDUG,0.6572414445752628,Churned
6840,5906-BFOZT,0.6768124999999999,Churned
5910,6134-KWTBV,0.0018941261381301353,Not Churned
1327,1213-NGCUN,0.39427691616445737,Not Churned
2784,8591-TKMZH,0.20047015792240722,Not Churned
924,5196-WPYOW,0.014242871024177605,Not Churned
6011,7695-PKLCZ,0.000961782945736434,Not Churned
6249,2809-ILCYT,0.1944238362663304,Not Churned
5159,8212-DJRCH,0.8154667719720453,Churned
1956,6145-NNPNO,0.49591739421411213,Not Churned
4278,4132-KALRO,0.9307461219815649,Churned
2760,7973-DZRKH,0.05716905872629213,Not Churned
2239,8401-EMUWF,0.1835012605738716,Not Churned
5659,2207-RYYRL,0.00041666666666666664,Not Churned
523,8311-UEUAB,0.045265557379209245,Not Churned
5603,1299-AURJA,0.0007186234817813765,Not Churned
4676,5922-ABDVO,0.31052442945678793,Not Churned
1912,5759-RCVCB,0.19301814642004647,Not Churned
5625,1705-GUHPV,0.00047745947146346875,Not Churned
1838,5167-GBFRE,0.4632160691300852,Not Churned
3609,1024-VRZHF,0.6062596611968577,Churned
6662,2621-UDNLU,0.3816503119378896,Not Churned
4049,3086-RUCRN,0.1843700775729496,Not Churned
2936,1480-IVEVR,0.4451904254864615,Not Churned
1056,7508-KBIMB,0.21789107475182173,Not Churned
5427,9614-RMGHA,0.05138493122825404,Not Churned
3186,6198-PNNSZ,0.16405495157782365,Not Churned
6702,3318-ISQFQ,0.01244243735277272,Not Churned
5396,9494-MRNYX,0.2983826599070561,Not Churned
1582,3278-FSIXX,0.7354932586519369,Churned
1952,6135-OZQVA,0.2268694725875103,Not Churned
977,6229-UOLQL,0.1915432368174129,Not Churned
5971,7115-IRDHS,0.00047745947146346875,Not Churned
32,0459-SPZHJ,0.06408269587651304,Not Churned
5479,9840-EFJQB,0.2644929664817383,Not Churned
3616,1061-PNTHC,0.18492741192308088,Not Churned
2607,4513-CXYIX,0.10198698144587193,Not Churned
4183,3703-VAVCL,0.23463155371609756,Not Churned
5879,5656-JAMLX,0.013413333333333333,Not Churned
4814,6557-BZXLQ,0.1719578298966888,Not Churned
5249,8739-WWKDU,0.3959210350333112,Not Churned
1607,3518-PZXZQ,0.5293726351537312,Churned
1990,6447-GORXK,0.00042098767817380005,Not Churned
1227,0295-QVKPB,0.2963564919413297,Not Churned
1771,4672-FOTSD,0.19270923871906795,Not Churned
1521,2826-DXLQO,0.4280000664150558,Not Churned
5788,4193-IBKSW,0.0007186234817813765,Not Churned
702,1264-FUHCX,0.2092274085634854,Not Churned
4503,5141-ZUVBH,0.6519294416290009,Churned
4090,3249-ZPQRG,0.590875654419396,Churned
584,9348-ROUAI,0.09918947770299083,Not Churned
4052,3096-GKWEB,0.5015415551441711,Churned
3495,0486-HECZI,0.12255071630378138,Not Churned
6765,4488-PSYCG,0.010373516830135921,Not Churned
2299,8887-IPQNC,0.4331618041947854,Not Churned
2685,6374-NTQLP,0.205032887150168,Not Churned
638,0134-XWXCE,0.09510638425688643,Not Churned
4882,6897-UUBNU,0.42904986955682434,Not Churned
3721,1608-GMEWB,0.2933113935385345,Not Churned
6822,5539-HIVAK,0.09239105661644591,Not Churned
932,5315-CKEQK,0.062067449011069115,Not Churned
5871,5529-GIBVH,0.024182849826986385,Not Churned
4148,3503-TYDAY,0.11175397147455168,Not Churned
2762,8024-XNAFQ,0.09373766337922182,Not Churned
2297,8878-RYUKI,0.18881347782324873,Not Churned
5010,7495-OOKFY,0.6470586970126966,Churned
3220,6726-WEXXK,0.4369455534381068,Not Churned
2379,9591-YVTEB,0.21342677306453794,Not Churned
6815,5384-ZTTWP,0.11335034522704367,Not Churned
2073,7109-MFBYV,0.036451784354673056,Not Churned
598,9499-XPZXM,0.002541677846341527,Not Churned
1206,0096-BXERS,0.39543931593274695,Not Churned
3703,1522-VVDMG,0.6717552067027321,Churned
5270,8818-XYFCQ,0.5077748476231864,Churned
6724,3727-JEZTU,0.15612604334913985,Not Churned
2546,3070-BDOQC,0.16979918535455543,Not Churned
3062,3858-XHYJO,0.3132984996022188,Not Churned
2093,7339-POGZN,0.4265268863032326,Not Churned
5342,9231-ZJYAM,0.6862961846986615,Churned
6955,8138-EALND,0.207277544763113,Not Churned
4909,7011-CVEUC,0.4055183260252022,Not Churned
865,4223-BKEOR,0.13379960628692125,Not Churned
1150,9150-HEPMB,0.05852196120171545,Not Churned
5354,9283-LZQOH,0.45082737001085965,Not Churned
548,8690-ZVLCL,0.15836862316218184,Not Churned
2266,8665-UTDHZ,0.6829870483571858,Churned
3174,5828-AVIPD,0.6305492326222802,Churned
5737,3359-DSRKA,0.021593857832988266,Not Churned
4321,4342-HENTK,0.5233309865503647,Churned
280,4872-JCVCA,0.09063250187498027,Not Churned
1895,5600-PDUJF,0.4533921470175818,Not Churned
5817,4703-MQYKT,0.0928631082294762,Not Churned
5861,5322-ZSMZY,0.0023821779709318897,Not Churned
6233,2351-RRBUE,0.002500958473575107,Not Churned
2468,1150-WFARN,0.0680751892906192,Not Churned
5162,8242-SOQUO,0.7548128991324704,Churned
3406,0112-QAWRZ,0.48641916722707307,Not Churned
1931,5949-HGVJL,0.16907061812210997,Not Churned
3314,8565-HBFNN,0.2581796496075142,Not Churned
5512,9965-YOKZB,0.6211421473945006,Churned
1203,0067-DKWBL,0.6524723783095107,Churned
4729,6127-ISGTU,0.40937922382192804,Not Churned
6225,1998-VHJHK,0.007647811933367464,Not Churned
4988,7398-LXGYX,0.16549022597301893,Not Churned
825,3523-QRQLL,0.3119906643230307,Not Churned
4038,3030-YDNRM,0.5612827060353246,Churned
183,3230-IUALN,0.20507211402416478,Not Churned
6506,9620-QJREV,0.0013778697791236973,Not Churned
3728,1641-RQDAY,0.48722247267790864,Not Churned
2,0019-GFNTW,0.03787017015244039,Not Churned
4705,6015-VVHHE,0.709639166078878,Churned
4667,5889-LFOLL,0.6582550451779784,Churned
6192,1179-INLAT,0.2424090909090909,Not Churned
5542,0480-KYJVA,0.0007186234817813765,Not Churned
428,6901-GOGZG,0.06597180846160595,Not Churned
4504,5144-TVGLP,0.08024950568319786,Not Churned
4459,4929-XIHVW,0.9033666039045365,Churned
911,4973-RLZVI,0.11890107451988875,Not Churned
1783,4727-MCYZG,0.3362407379746098,Not Churned
4342,4450-MDZFX,0.0768043651544,Not Churned
1854,5295-PCJOO,0.4616437703498755,Not Churned
4493,5117-IFGPS,0.43301644560468283,Not Churned
2959,2014-MKGMH,0.2970379910331178,Not Churned
3228,6807-SIWJI,0.39709357700878095,Not Churned
3334,8947-YRTDV,0.31994959608432755,Not Churned
1230,0319-QZTCO,0.5212745267181219,Churned
1617,3580-REOAC,0.3919093035438896,Not Churned
2538,2798-NYLMZ,0.36559166963357614,Not Churned
6478,8873-TMKGR,0.007647811933367464,Not Churned
6872,6549-YMFAW,0.03449951238176037,Not Churned
6064,8532-UEFWH,0.0007291666666666666,Not Churned
279,4859-ZSRDZ,0.16302439936715726,Not Churned
470,7579-KKLOE,0.029374020670954085,Not Churned
1307,0997-YTLNY,0.07382386596469559,Not Churned
5393,9488-HGMJH,0.9109846556249639,Churned
795,2969-VAPYH,0.00391502332118536,Not Churned
6875,6615-ZGEDR,0.06914714445445816,Not Churned
762,2430-RRYUW,0.025056352525359447,Not Churned
5528,0301-KOBTQ,0.004014532498824224,Not Churned
2460,0917-EZOLA,0.2159911158481115,Not Churned
3838,2189-WWOEW,0.28697434842949526,Not Churned
4283,4143-OOBWZ,0.7133512962086974,Churned
3067,3932-CMDTD,0.92363546365961,Churned
4176,3647-GMGDH,0.5041173855020107,Churned
820,3442-ZHHCC,0.03963299772597704,Not Churned
5366,9355-NPPFS,0.3642484916667661,Not Churned
3773,1907-UBQFC,0.5308683895142458,Churned
4136,3452-GWUIN,0.43833394711869694,Not Churned
2652,5668-MEISB,0.11998421308601358,Not Churned
4402,4706-AXVKM,0.5663885510873107,Churned
351,5846-NEQVZ,0.02302821129555818,Not Churned
1294,0867-LDTTC,0.3307446377388649,Not Churned
5571,0854-UYHZD,0.014685860537047775,Not Churned
5190,8417-FMLZI,0.7676539954643598,Churned
989,6388-TABGU,0.02223715391106358,Not Churned
4623,5628-RKIFK,0.19311342269885123,Not Churned
6927,7727-SHVZV,0.3788862099183723,Not Churned
374,6169-PGNCD,0.03998697532306243,Not Churned
4700,5989-PGKJB,0.5054174075188304,Churned
3037,3325-FUYCG,0.7904350086876665,Churned
1036,7103-ZGVNT,0.06537575599422725,Not Churned
2301,8903-XEBGX,0.6542001868941069,Churned
5578,1047-RNXZV,0.010261235993527722,Not Churned
2711,6900-RBKER,0.06596603042187471,Not Churned
2140,7675-OZCZG,0.1570021744892138,Not Churned
5655,2143-LJULT,0.06181985058272097,Not Churned
6466,8590-OHDIW,0.0003136079539923073,Not Churned
919,5120-ZBLAI,0.041051698744137236,Not Churned
5987,7427-AUFPY,0.0240776865518227,Not Churned
7014,9367-OIUXP,0.3650846553722331,Not Churned
1673,3948-XHGNA,0.1252635218702048,Not Churned
308,5248-KWLAR,0.06418102435105504,Not Churned
3625,1095-JUDTC,0.20391538954662128,Not Churned
7031,9817-APLHW,0.0598822033653408,Not Churned
1007,6693-DJWTY,0.11512022374929325,Not Churned
2599,4199-QHJNM,0.14361035977223047,Not Churned
522,8295-KMENE,0.027114097564514147,Not Churned
6470,8631-XVRZL,0.03324590509594569,Not Churned
5376,9408-HRXRK,0.3265419811482328,Not Churned
135,2296-DKZFP,0.059168328245326446,Not Churned
4987,7395-IGJOS,0.08608915819965049,Not Churned
1394,1728-BQDMA,0.5308469955227784,Churned
1849,5208-HFSBT,0.5251237584559353,Churned
2507,2019-HDCZY,0.16159885579953354,Not Churned
4513,5183-SNMJQ,0.660303702920599,Churned
4407,4735-ASGMA,0.5976256331229741,Churned
2062,7036-ZZKBD,0.08014424002116387,Not Churned
5964,7010-BRBUU,0.08071862348178138,Not Churned
5852,5176-LMJXE,0.012956505200138477,Not Churned
2324,9097-ZUBYC,0.27219645775651863,Not Churned
6667,2692-PFYTJ,0.6498979125284167,Churned
5399,9500-LTVBP,0.12114729492705249,Not Churned
4029,3002-WQZWT,0.4327776730708529,Not Churned
3946,2683-BPJSO,0.39786568958834556,Not Churned
5290,8937-RDTHP,0.6577242480397264,Churned
4130,3422-GALYP,0.7520284518932638,Churned
2350,9351-LZYGF,0.12626848204537375,Not Churned
4787,6407-UTSLV,0.7311206118155359,Churned
330,5583-EJXRD,0.1687303288734896,Not Churned
2523,2419-FSORS,0.2301299919415243,Not Churned
459,7359-SSBJK,0.013342744361384275,Not Churned
5820,4742-TXUEX,0.0005693063759677603,Not Churned
5017,7517-SAWMO,0.33225684112024806,Not Churned
2984,2382-BCKQJ,0.30951524653513374,Not Churned
1462,2272-UOINI,0.5382099617980716,Churned
6715,3623-FQBOX,0.01879905630834803,Not Churned
3424,0178-SZBHO,0.14437639569985983,Not Churned
3103,4742-DRORA,0.18300053226595284,Not Churned
713,1402-PTHGN,0.19404516267221905,Not Churned
2885,0623-EJQEG,0.06177150977535239,Not Churned
2422,0014-BMAQU,0.07671373602298591,Not Churned
2657,5716-EZXZN,0.27155938374272987,Not Churned
5773,3865-ZFZIB,0.1167441342737299,Not Churned
6782,4781-ZXYGU,0.3226139331099009,Not Churned
6579,1218-VKFPE,0.059453838036483075,Not Churned
2099,7377-DMMRI,0.5801073992340053,Churned
2413,9873-MNDKV,0.44588187090393433,Not Churned
4050,3088-LHEFH,0.4915558182836679,Not Churned
3573,0871-URUWO,0.7591005479695774,Churned
6320,4644-OBGFZ,0.010996631826671353,Not Churned
6203,1439-LCGVL,0.007762157047712579,Not Churned
6624,1991-VOPLL,0.13319110441547027,Not Churned
3194,6270-OMFIW,0.12652329155425718,Not Churned
6395,6551-ZCOTS,0.01764112832811674,Not Churned
462,7401-JIXNM,0.11303049210423893,Not Churned
4332,4412-YLTKF,0.36992262517075497,Not Churned
5080,7850-VWJUU,0.3770404103293374,Not Churned
2745,7663-CUXZB,0.17658829109014526,Not Churned
4751,6230-BSUXY,0.9609713319795002,Churned
425,6885-PKOAM,0.01712567729066612,Not Churned
1885,5522-JBWMO,0.7211957138631528,Churned
3306,8402-EIVQS,0.15130495737487598,Not Churned
6321,4685-TFLLS,0.06807128218482275,Not Churned
3089,4480-MBMLB,0.39709357700878095,Not Churned
5885,5743-KHMNA,0.0022761607701647676,Not Churned
5909,6080-LNESI,0.002064761058765056,Not Churned
3479,0402-CQAJN,0.3863506774532705,Not Churned
770,2541-YGPKE,0.03223432324907196,Not Churned
5796,4335-UPJSI,0.010849301151913895,Not Churned
3059,3763-GCZHZ,0.3303207586657713,Not Churned
3158,5553-AOINX,0.16171571070886334,Not Churned
1348,1360-RCYRT,0.18184784738891632,Not Churned
4142,3481-JHUZH,0.1942020557920354,Not Churned
4966,7279-BUYWN,0.37510689979077183,Not Churned
6760,4390-KYULV,0.08192094958779572,Not Churned
1664,3890-RTCMS,0.35935853486275887,Not Churned
6614,1796-JANOW,0.10973464066096873,Not Churned
6312,4530-NDRKU,0.0007763975155279503,Not Churned
755,2325-ZUSFD,0.038855218680629716,Not Churned
1487,2495-INZWQ,0.49524482951435295,Not Churned
5023,7538-GWHML,0.6491378733530944,Churned
2084,7242-QZLXF,0.7315948207802427,Churned
1223,0282-NVSJS,0.2631189135670915,Not Churned
2112,7470-MCQTK,0.3146090207415719,Not Churned
2156,7776-QWNFX,0.09983680589749727,Not Churned
4852,6719-OXYBR,0.4746671115705702,Not Churned
2225,8263-JQAIK,0.40435629254339156,Not Churned
4066,3162-ZJZFU,0.11215343165697006,Not Churned
4865,6825-UYPFK,0.1043533726908809,Not Churned
5660,2208-MPXIO,0.01447610467111746,Not Churned
2157,7794-JASDG,0.5871458009039732,Churned
2380,9626-WEQRM,0.34186651590665224,Not Churned
3847,2215-ZAFGX,0.5768449971657879,Churned
5832,4884-LEVMQ,0.05430617783799383,Not Churned
2166,7851-FLGGQ,0.3473499335134656,Not Churned
5312,9058-MJLZC,0.4887374956447056,Not Churned
3353,9360-AHGNL,0.38798563495243876,Not Churned
4431,4824-GUCBY,0.11526039132364421,Not Churned
5704,2848-YXSMW,0.030416666666666665,Not Churned
1257,0612-RTZZA,0.28519259466538743,Not Churned
1870,5404-GGUKR,0.43077786650005534,Not Churned
6366,5914-GXMDA,0.008719240504796036,Not Churned
1102,8259-DZLIZ,0.010566383576181339,Not Churned
1281,0804-XBFBV,0.04927471962653675,Not Churned
5048,7638-QVMVY,0.5556467260106396,Churned
84,1335-MXCSE,0.24397955125549878,Not Churned
4881,6896-SRVYQ,0.29151082416321716,Not Churned
4976,7330-WZLNC,0.7361917352796503,Churned
644,0303-UNCIP,0.051747045427945323,Not Churned
4486,5055-MGMGF,0.28116266382682414,Not Churned
4708,6023-YEBUP,0.9245548436964861,Churned
6389,6479-OAUSD,0.007491913559655996,Not Churned
1624,3629-WEAAM,0.1283757627292811,Not Churned
4251,4001-TSBTV,0.05703698584046881,Not Churned
71,1088-AUUZZ,0.03789783958591286,Not Churned
4615,5599-HVLTW,0.6532304493157508,Churned
2342,9261-WDCAF,0.28622490605869505,Not Churned
1254,0587-DMGBH,0.2977042359754021,Not Churned
641,0254-KCJGT,0.24193251211591993,Not Churned
301,5148-ORICT,0.02874837530740318,Not Churned
3181,5985-BEHZK,0.15807771735336595,Not Churned
137,2314-TNDJQ,0.012860393441700022,Not Churned
6081,8780-IHCRN,0.0007186234817813765,Not Churned
4123,3398-ZOUAA,0.11860289688553532,Not Churned
636,0112-QWPNC,0.14543046044667954,Not Churned
1301,0939-EREMR,0.29427397690148127,Not Churned
4540,5288-AHOUP,0.5232955763955135,Churned
1905,5673-TIYIB,0.7194348696753663,Churned
2902,0956-ACVZC,0.16197218232483593,Not Churned
1729,4360-QRAVE,0.07015094674040259,Not Churned
2184,7950-XWOVN,0.13432462914259866,Not Churned
6934,7814-LEEVE,0.47988134643134633,Not Churned
6066,8544-JNBOX,0.024146278912056403,Not Churned
1906,5692-FPTAH,0.4972682279177285,Not Churned
3028,3162-KKZXO,0.2210971649896236,Not Churned
6640,2233-FAGXV,0.1640856199243623,Not Churned
3364,9518-RWHZL,0.24529308865377156,Not Churned
450,7233-PAHHL,0.04493514877049496,Not Churned
1764,4625-EWPTF,0.5540185138928759,Churned
4137,3452-SRFEG,0.06651415979810298,Not Churned
7033,9837-FWLCH,0.03109507056411081,Not Churned
5794,4312-KFRXN,0.0013670698610738585,Not Churned
3536,0644-OQMDK,0.7432014589020736,Churned
1847,5206-HPJKM,0.3176116945863942,Not Churned
5937,6619-RPLQZ,0.010420987678173801,Not Churned
3461,0334-GDDSO,0.7395289902611608,Churned
1490,2538-OIMXF,0.5089039221797332,Churned
4559,5364-XYIRR,0.30690107440319225,Not Churned
5383,9436-ZBZCT,0.5700140454701609,Churned
6284,3724-BSCVH,0.02645577936487203,Not Churned
3068,3946-JEWRQ,0.20946634009515988,Not Churned
3362,9480-BQJEI,0.05125397884730167,Not Churned
2489,1545-JFUML,0.12988255386266273,Not Churned
988,6352-GIGGQ,0.040476742881985286,Not Churned
2191,8017-UVSZU,0.12969408614813974,Not Churned
2185,7963-GQRMY,0.1228617715135467,Not Churned
2648,5453-YBTWV,0.2625389615931109,Not Churned
4179,3671-SHRSP,0.650393643341265,Churned
4109,3338-CVVEH,0.5423199300225778,Churned
5203,8486-AYEQH,0.2426819838715568,Not Churned
6036,8148-NLEGT,0.021020726921980842,Not Churned
4105,3320-VEOYC,0.5288869414446346,Churned
1996,6497-TILVL,0.23551786336602284,Not Churned
2862,0233-FTHAV,0.05130175716330007,Not Churned
